Match ID,Season,Competition,Home,Away,Score,Event Type,Team,Player,Roblox ID,Count,Notes
EL1-GW1-01,S1,EuroLeague,Newport,Nottingham,3-5,Goal,Newport,MajinCrew,1056227705,1,
EL1-GW1-01,S1,EuroLeague,Newport,Nottingham,3-5,Goal,Newport,youna1234,106217053,1,
EL1-GW1-01,S1,EuroLeague,Newport,Nottingham,3-5,Goal,Newport,tr_ito,594588203,1,
EL1-GW1-01,S1,EuroLeague,Newport,Nottingham,3-5,Goal,Nottingham,Oli2Cxrtii,37156558,2,
EL1-GW1-01,S1,EuroLeague,Newport,Nottingham,3-5,Goal,Nottingham,A_etherius,104835988,3,Hat-trick
EL1-GW1-01,S1,EuroLeague,Newport,Nottingham,3-5,Assist,Newport,CapV7,60642460,1,
EL1-GW1-01,S1,EuroLeague,Newport,Nottingham,3-5,Assist,Nottingham,Oli2Cxrtii,37156558,2,
EL1-GW1-01,S1,EuroLeague,Newport,Nottingham,3-5,Assist,Nottingham,8ackyy,1025293008,1,
EL1-GW1-01,S1,EuroLeague,Newport,Nottingham,3-5,MOTM,Nottingham,Oli2Cxrtii,37156558,1,
EL1-GW1-02,S1,EuroLeague,Milton,Newham,1-6,Goal,Milton,RememberPastGlory,46117833,1,
EL1-GW1-02,S1,EuroLeague,Milton,Newham,1-6,Goal,Newham,yuchiiha,821613944,3,Hat-trick
EL1-GW1-02,S1,EuroLeague,Milton,Newham,1-6,Goal,Newham,Evaiuated,208862354,3,Hat-trick
EL1-GW1-02,S1,EuroLeague,Milton,Newham,1-6,Assist,Milton,saIihamidzic,78717354,1,
EL1-GW1-02,S1,EuroLeague,Milton,Newham,1-6,Assist,Newham,tomiezi,124984116,1,
EL1-GW1-02,S1,EuroLeague,Milton,Newham,1-6,Assist,Newham,drosedude,4901,1,
EL1-GW1-02,S1,EuroLeague,Milton,Newham,1-6,Assist,Newham,Evaiuated,208862354,2,
EL1-GW1-02,S1,EuroLeague,Milton,Newham,1-6,Red Card,Milton,e_eqd,31706646,1,
EL1-GW1-02,S1,EuroLeague,Milton,Newham,1-6,MOTM,Newham,yuchiiha,821613944,1,
EL1-GW1-03,S1,EuroLeague,Stafford,Viola,3-2,Goal,Stafford,saskatoonie,142513851,1,
EL1-GW1-03,S1,EuroLeague,Stafford,Viola,3-2,Goal,Stafford,barbkoumpo,679815091,2,
EL1-GW1-03,S1,EuroLeague,Stafford,Viola,3-2,Goal,Viola,Iuizdias,1204609210,2,
EL1-GW1-03,S1,EuroLeague,Stafford,Viola,3-2,Assist,Stafford,deuIofeuz,16898061,3,
EL1-GW1-03,S1,EuroLeague,Stafford,Viola,3-2,Assist,Viola,frutius,33298064,1,
EL1-GW1-03,S1,EuroLeague,Stafford,Viola,3-2,MOTM,Stafford,barbkoumpo,679815091,1,
EL1-GW1-04,S1,EuroLeague,Andover,Eltham,9-1,Goal,Andover,cornzua,111729984,6,2x Hat-trick
EL1-GW1-04,S1,EuroLeague,Andover,Eltham,9-1,Goal,Andover,booskioo,25796457,2,
EL1-GW1-04,S1,EuroLeague,Andover,Eltham,9-1,Goal,Andover,rykiraa,104144813,1,
EL1-GW1-04,S1,EuroLeague,Andover,Eltham,9-1,Goal,Eltham,harmoush,140245581,1,
EL1-GW1-04,S1,EuroLeague,Andover,Eltham,9-1,Assist,Andover,rykiraa,104144813,3,
EL1-GW1-04,S1,EuroLeague,Andover,Eltham,9-1,Assist,Andover,vexzema,508865433,1,
EL1-GW1-04,S1,EuroLeague,Andover,Eltham,9-1,Assist,Andover,booskioo,25796457,1,
EL1-GW1-04,S1,EuroLeague,Andover,Eltham,9-1,Assist,Andover,wizente,,1,⚠️ No Roblox ID
EL1-GW1-04,S1,EuroLeague,Andover,Eltham,9-1,MOTM,Andover,cornzua,111729984,1,
EL1-GW2-01,S1,EuroLeague,Newport,Newham,1-3,Goal,Newport,VxthFrost,40935648,1,
EL1-GW2-01,S1,EuroLeague,Newport,Newham,1-3,Goal,Newham,Evaiuated,208862354,2,
EL1-GW2-01,S1,EuroLeague,Newport,Newham,1-3,Goal,Newham,Jawad690,,1,⚠️ No Roblox ID
EL1-GW2-01,S1,EuroLeague,Newport,Newham,1-3,Assist,Newport,CemFrost,81124023,1,
EL1-GW2-01,S1,EuroLeague,Newport,Newham,1-3,Assist,Newham,Jawad690,,1,⚠️ No Roblox ID
EL1-GW2-01,S1,EuroLeague,Newport,Newham,1-3,Assist,Newham,tomiezi,124984116,1,
EL1-GW2-01,S1,EuroLeague,Newport,Newham,1-3,MOTM,Newham,Evaiuated,208862354,1,
EL1-GW2-02,S1,EuroLeague,Eltham,Milton,2-3,Goal,Eltham,jackdinnXDD2,611608100,1,
EL1-GW2-02,S1,EuroLeague,Eltham,Milton,2-3,Goal,Eltham,Ir0nGd,,1,⚠️ No Roblox ID
EL1-GW2-02,S1,EuroLeague,Eltham,Milton,2-3,Goal,Milton,saIihamidzic,78717354,1,
EL1-GW2-02,S1,EuroLeague,Eltham,Milton,2-3,Goal,Milton,Koolicxcte,369770640,1,
EL1-GW2-02,S1,EuroLeague,Eltham,Milton,2-3,Goal,Milton,bubbli,,1,⚠️ No Roblox ID
EL1-GW2-02,S1,EuroLeague,Eltham,Milton,2-3,Assist,Eltham,Ir0nGd,,1,⚠️ No Roblox ID
EL1-GW2-02,S1,EuroLeague,Eltham,Milton,2-3,Assist,Eltham,jackdinnXDD2,611608100,1,
EL1-GW2-02,S1,EuroLeague,Eltham,Milton,2-3,Assist,Milton,bubbli,,2,⚠️ No Roblox ID
EL1-GW2-02,S1,EuroLeague,Eltham,Milton,2-3,Assist,Milton,RememberPastGlory,46117833,1,
EL1-GW2-02,S1,EuroLeague,Eltham,Milton,2-3,MOTM,Milton,saIihamidzic,78717354,1,
EL1-GW2-03,S1,EuroLeague,Andover,Stafford,10-0,Goal,Andover,ahttuso,596543819,3,Hat-trick
EL1-GW2-03,S1,EuroLeague,Andover,Stafford,10-0,Goal,Andover,cornzua,111729984,3,Hat-trick
EL1-GW2-03,S1,EuroLeague,Andover,Stafford,10-0,Goal,Andover,booski,,2,⚠️ No Roblox ID
EL1-GW2-03,S1,EuroLeague,Andover,Stafford,10-0,Goal,Andover,rykiraa,104144813,1,
EL1-GW2-03,S1,EuroLeague,Andover,Stafford,10-0,OG,Stafford,fathercovats,541401079,1,Own Goal
EL1-GW2-03,S1,EuroLeague,Andover,Stafford,10-0,Assist,Andover,rykiraa,104144813,2,
EL1-GW2-03,S1,EuroLeague,Andover,Stafford,10-0,Assist,Andover,booskioo,25796457,1,
EL1-GW2-03,S1,EuroLeague,Andover,Stafford,10-0,MOTM,Andover,rykiraa,104144813,1,
EL1-GW3-01,S1,EuroLeague,Viola,Newport,2-4,Goal,Viola,VoidLDN,1041962471,1,
EL1-GW3-01,S1,EuroLeague,Viola,Newport,2-4,Goal,Viola,Iuizdias,1204609210,1,
EL1-GW3-01,S1,EuroLeague,Viola,Newport,2-4,Goal,Newport,CemFrost,81124023,1,
EL1-GW3-01,S1,EuroLeague,Viola,Newport,2-4,Goal,Newport,VxthFrost,40935648,2,
EL1-GW3-01,S1,EuroLeague,Viola,Newport,2-4,Goal,Newport,SamuuFrost,96811022,1,
EL1-GW3-01,S1,EuroLeague,Viola,Newport,2-4,Assist,Viola,surfwitdahoodie,350559676,1,
EL1-GW3-01,S1,EuroLeague,Viola,Newport,2-4,Assist,Newport,dorian,,2,⚠️ No Roblox ID
EL1-GW3-01,S1,EuroLeague,Viola,Newport,2-4,Assist,Newport,CemFrost,81124023,2,
EL1-GW3-01,S1,EuroLeague,Viola,Newport,2-4,Yellow Card,Newport,telletti,,1,⚠️ No Roblox ID
EL1-GW3-01,S1,EuroLeague,Viola,Newport,2-4,Yellow Card,Newport,tr_ito,594588203,1,
EL1-GW3-01,S1,EuroLeague,Viola,Newport,2-4,Yellow Card,Viola,harshflux,1107538966,1,
EL1-GW3-01,S1,EuroLeague,Viola,Newport,2-4,Yellow Card,Viola,b4adumata,94854873,1,
EL1-GW3-01,S1,EuroLeague,Viola,Newport,2-4,MOTM,Newport,VxthFrost,40935648,1,
EL1-GW3-02,S1,EuroLeague,Newham,Eltham,4-4,Goal,Newham,Evaiuated,208862354,2,
EL1-GW3-02,S1,EuroLeague,Newham,Eltham,4-4,Goal,Newham,StrictlyHighGrade,104507792,1,
EL1-GW3-02,S1,EuroLeague,Newham,Eltham,4-4,Goal,Newham,Jawad690,,1,⚠️ No Roblox ID
EL1-GW3-02,S1,EuroLeague,Newham,Eltham,4-4,Goal,Eltham,mimiyaa991,1793612765,1,
EL1-GW3-02,S1,EuroLeague,Newham,Eltham,4-4,Goal,Eltham,harmoush,140245581,1,
EL1-GW3-02,S1,EuroLeague,Newham,Eltham,4-4,Goal,Eltham,jackdinnXDD2,611608100,1,
EL1-GW3-02,S1,EuroLeague,Newham,Eltham,4-4,OG,Newham,kuya scout,,1,⚠️ No Roblox ID - OG counted for Eltham
EL1-GW3-02,S1,EuroLeague,Newham,Eltham,4-4,Assist,Newham,yuchiiha,821613944,2,
EL1-GW3-02,S1,EuroLeague,Newham,Eltham,4-4,Assist,Newham,wiz,,1,⚠️ No Roblox ID
EL1-GW3-02,S1,EuroLeague,Newham,Eltham,4-4,Assist,Eltham,jackdinnXDD2,611608100,1,
EL1-GW3-02,S1,EuroLeague,Newham,Eltham,4-4,Assist,Eltham,harmoush,140245581,1,
EL1-GW3-02,S1,EuroLeague,Newham,Eltham,4-4,Yellow Card,Newham,Jawad690,,1,⚠️ No Roblox ID
EL1-GW3-02,S1,EuroLeague,Newham,Eltham,4-4,Yellow Card,Eltham,CapV7,60642460,1,
EL1-GW3-02,S1,EuroLeague,Newham,Eltham,4-4,MOTM,Eltham,CapV7,60642460,1,
EL1-GW2-04,S1,EuroLeague,Viola,Nottingham,2-8,Goal,Viola,VoidLDN,1041962471,1,
EL1-GW2-04,S1,EuroLeague,Viola,Nottingham,2-8,Goal,Viola,borishka,,1,⚠️ No Roblox ID
EL1-GW2-04,S1,EuroLeague,Viola,Nottingham,2-8,Goal,Nottingham,edvzar,229382886,2,
EL1-GW2-04,S1,EuroLeague,Viola,Nottingham,2-8,Goal,Nottingham,A_etherius,104835988,6,2x Hat-trick
EL1-GW2-04,S1,EuroLeague,Viola,Nottingham,2-8,Assist,Viola,Iuizdias,1204609210,1,
EL1-GW2-04,S1,EuroLeague,Viola,Nottingham,2-8,Assist,Nottingham,8ackyy,1025293008,1,
EL1-GW2-04,S1,EuroLeague,Viola,Nottingham,2-8,Assist,Nottingham,edvzar,229382886,2,
EL1-GW2-04,S1,EuroLeague,Viola,Nottingham,2-8,Assist,Nottingham,lewanvoltski,88422760,1,
EL1-GW2-04,S1,EuroLeague,Viola,Nottingham,2-8,Yellow Card,Viola,Iuizdias,1204609210,1,
EL1-GW2-04,S1,EuroLeague,Viola,Nottingham,2-8,Yellow Card,Nottingham,lewanvoltski,88422760,1,
EL1-GW2-04,S1,EuroLeague,Viola,Nottingham,2-8,MOTM,Nottingham,A_etherius,104835988,1,Score dispute - poster says 8 goals
EL1-GW3-03,S1,EuroLeague,Nottingham,Andover,1-3,Goal,Nottingham,Oli2Cxrtii,37156558,1,
EL1-GW3-03,S1,EuroLeague,Nottingham,Andover,1-3,Goal,Andover,rykiraa,104144813,1,
EL1-GW3-03,S1,EuroLeague,Nottingham,Andover,1-3,Goal,Andover,booskioo,25796457,1,
EL1-GW3-03,S1,EuroLeague,Nottingham,Andover,1-3,Goal,Andover,ahttuso,596543819,1,
EL1-GW3-03,S1,EuroLeague,Nottingham,Andover,1-3,Assist,Nottingham,A_etherius,104835988,1,
EL1-GW3-03,S1,EuroLeague,Nottingham,Andover,1-3,Assist,Andover,Gokinho_17,75157575,1,
EL1-GW3-03,S1,EuroLeague,Nottingham,Andover,1-3,Assist,Andover,vnpthu,18925142,1,
EL1-GW3-03,S1,EuroLeague,Nottingham,Andover,1-3,Yellow Card,Andover,ahttuso,596543819,1,
EL1-GW3-03,S1,EuroLeague,Nottingham,Andover,1-3,MOTM,Andover,vnpthu,18925142,1,
EL1-GW3-04,S1,EuroLeague,Milton,Stafford,6-1,Goal,Milton,RememberPastGlory,46117833,3,Hat-trick
EL1-GW3-04,S1,EuroLeague,Milton,Stafford,6-1,Goal,Milton,saIihamidzic,78717354,3,Hat-trick
EL1-GW3-04,S1,EuroLeague,Milton,Stafford,6-1,Goal,Stafford,barbkoumpo,679815091,1,
EL1-GW3-04,S1,EuroLeague,Milton,Stafford,6-1,Assist,Milton,We55i10,4487487853,2,
EL1-GW3-04,S1,EuroLeague,Milton,Stafford,6-1,Assist,Stafford,deuIofeuz,16898061,1,
EL1-GW3-04,S1,EuroLeague,Milton,Stafford,6-1,MOTM,Milton,We55i10,4487487853,1,
EL1-GW4-01,S1,EuroLeague,Eltham,Newport,2-2,Goal,Eltham,harmoush,140245581,1,
EL1-GW4-01,S1,EuroLeague,Eltham,Newport,2-2,Goal,Eltham,mimiyaa991,1793612765,1,
EL1-GW4-01,S1,EuroLeague,Eltham,Newport,2-2,Goal,Newport,CemFrost,81124023,1,
EL1-GW4-01,S1,EuroLeague,Eltham,Newport,2-2,Goal,Newport,ken655544,45452764,1,
EL1-GW4-01,S1,EuroLeague,Eltham,Newport,2-2,Assist,Eltham,mimiyaa991,1793612765,1,
EL1-GW4-01,S1,EuroLeague,Eltham,Newport,2-2,Red Card,Newport,rxckfrost,180053970,1,
EL1-GW4-01,S1,EuroLeague,Eltham,Newport,2-2,MOTM,Eltham,harmoush,140245581,1,
EL1-GW4-02,S1,EuroLeague,Milton,Nottingham,0-3,Goal,Nottingham,edvzar,229382886,2,
EL1-GW4-02,S1,EuroLeague,Milton,Nottingham,0-3,Goal,Nottingham,A_etherius,104835988,1,
EL1-GW4-02,S1,EuroLeague,Milton,Nottingham,0-3,Assist,Nottingham,edvzar,229382886,1,
EL1-GW4-02,S1,EuroLeague,Milton,Nottingham,0-3,Assist,Nottingham,lewanvoltski,88422760,1,
EL1-GW4-02,S1,EuroLeague,Milton,Nottingham,0-3,Yellow Card,Milton,sc_16x,200344976,1,
EL1-GW4-02,S1,EuroLeague,Milton,Nottingham,0-3,MOTM,Nottingham,edvzar,229382886,1,
EL1-GW4-03,S1,EuroLeague,Andover,Viola,8-0,Goal,Andover,cornzua,111729984,2,
EL1-GW4-03,S1,EuroLeague,Andover,Viola,8-0,Goal,Andover,ahttuso,596543819,3,Hat-trick
EL1-GW4-03,S1,EuroLeague,Andover,Viola,8-0,Goal,Andover,booskioo,25796457,3,Hat-trick
EL1-GW4-03,S1,EuroLeague,Andover,Viola,8-0,Assist,Andover,rykiraa,104144813,6,6 assists
EL1-GW4-03,S1,EuroLeague,Andover,Viola,8-0,Red Card,Viola,VoidLDN,1041962471,1,
EL1-GW4-03,S1,EuroLeague,Andover,Viola,8-0,MOTM,Andover,booskioo,25796457,1,
EL1-GW4-04,S1,EuroLeague,Stafford,Newham,0-3,FFT,—,—,,0,No stats - forfeit
EL1-GW5-01,S1,EuroLeague,Newport,Andover,0-5,Goal,Andover,rykiraa,104144813,3,Hat-trick
EL1-GW5-01,S1,EuroLeague,Newport,Andover,0-5,Goal,Andover,asviraaa,141934518,1,
EL1-GW5-01,S1,EuroLeague,Newport,Andover,0-5,Goal,Andover,Gokinho_17,75157575,1,
EL1-GW5-01,S1,EuroLeague,Newport,Andover,0-5,Assist,Andover,rykiraa,104144813,1,
EL1-GW5-01,S1,EuroLeague,Newport,Andover,0-5,Assist,Andover,ahttuso,596543819,2,
EL1-GW5-01,S1,EuroLeague,Newport,Andover,0-5,Assist,Andover,vexzema,508865433,1,
EL1-GW5-01,S1,EuroLeague,Newport,Andover,0-5,Assist,Andover,Gokinho_17,75157575,1,
EL1-GW5-01,S1,EuroLeague,Newport,Andover,0-5,Yellow Card,Newport,MajinCrew,1056227705,1,
EL1-GW5-01,S1,EuroLeague,Newport,Andover,0-5,Yellow Card,Newport,tr_ito,594588203,1,
EL1-GW5-01,S1,EuroLeague,Newport,Andover,0-5,Yellow Card,Newport,HitboxExpandrr,1098693605,1,
EL1-GW5-01,S1,EuroLeague,Newport,Andover,0-5,MOTM,Andover,rykiraa,104144813,1,
EL1-GW5-02,S1,EuroLeague,Viola,Milton,2-4,Goal,Viola,wqmh,418257196,1,
EL1-GW5-02,S1,EuroLeague,Viola,Milton,2-4,Goal,Viola,mateiryan,1252031180,1,
EL1-GW5-02,S1,EuroLeague,Viola,Milton,2-4,Goal,Milton,harmoush,140245581,1,
EL1-GW5-02,S1,EuroLeague,Viola,Milton,2-4,Goal,Milton,RememberPastGlory,46117833,2,
EL1-GW5-02,S1,EuroLeague,Viola,Milton,2-4,Goal,Milton,SamuuFrost,96811022,1,
EL1-GW5-02,S1,EuroLeague,Viola,Milton,2-4,Assist,Viola,wqmh,418257196,1,
EL1-GW5-02,S1,EuroLeague,Viola,Milton,2-4,Assist,Viola,mateiryan,1252031180,1,
EL1-GW5-02,S1,EuroLeague,Viola,Milton,2-4,Assist,Milton,SamuuFrost,96811022,1,
EL1-GW5-02,S1,EuroLeague,Viola,Milton,2-4,Assist,Milton,PhilipNeame,10210691,1,
EL1-GW5-02,S1,EuroLeague,Viola,Milton,2-4,Yellow Card,Viola,Iuizdias,1204609210,1,
EL1-GW5-02,S1,EuroLeague,Viola,Milton,2-4,Yellow Card,Milton,RememberPastGlory,46117833,1,
EL1-GW5-02,S1,EuroLeague,Viola,Milton,2-4,MOTM,Milton,RememberPastGlory,46117833,1,
EL1-GW5-03,S1,EuroLeague,Eltham,Stafford,4-0,Goal,Eltham,saIihamidzic,78717354,1,
EL1-GW5-03,S1,EuroLeague,Eltham,Stafford,4-0,Goal,Eltham,harmoush,140245581,2,
EL1-GW5-03,S1,EuroLeague,Eltham,Stafford,4-0,OG,Stafford,zhanedem,,1,⚠️ No Roblox ID - Own Goal
EL1-GW5-03,S1,EuroLeague,Eltham,Stafford,4-0,Assist,Eltham,harmoush,140245581,1,
EL1-GW5-03,S1,EuroLeague,Eltham,Stafford,4-0,Red Card,Stafford,deuIofeuz,16898061,1,
EL1-GW5-03,S1,EuroLeague,Eltham,Stafford,4-0,Yellow Card,Stafford,cavocic,4409906576,1,
EL1-GW5-03,S1,EuroLeague,Eltham,Stafford,4-0,MOTM,Eltham,MemeScythe,869138706,1,
EL1-GW5-04,S1,EuroLeague,Newham,Nottingham,0-2,Goal,Nottingham,A_etherius,104835988,2,
EL1-GW5-04,S1,EuroLeague,Newham,Nottingham,0-2,Assist,Nottingham,Oli2Cxrtii,37156558,1,
EL1-GW5-04,S1,EuroLeague,Newham,Nottingham,0-2,Red Card,Newham,paxbizzle,61178069,1,
EL1-GW5-04,S1,EuroLeague,Newham,Nottingham,0-2,Yellow Card,Newham,Jack924833,1156742,1,
EL1-GW5-04,S1,EuroLeague,Newham,Nottingham,0-2,MOTM,Nottingham,CapV7,60642460,1,
EL1-GW6-01,S1,EuroLeague,Milton,Andover,2-8,Goal,Andover,ahttuso,596543819,4,
EL1-GW6-01,S1,EuroLeague,Milton,Andover,2-8,Goal,Andover,rykiraa,104144813,2,
EL1-GW6-01,S1,EuroLeague,Milton,Andover,2-8,Goal,Andover,vexzema,508865433,1,
EL1-GW6-01,S1,EuroLeague,Milton,Andover,2-8,Goal,Andover,rykiraa,104144813,1,may be different player
EL1-GW6-01,S1,EuroLeague,Milton,Andover,2-8,Goal,Milton,wizente,521142485,1,
EL1-GW6-01,S1,EuroLeague,Milton,Andover,2-8,Goal,Milton,duburnn,99534263,1,
EL1-GW6-01,S1,EuroLeague,Milton,Andover,2-8,Assist,Andover,rykiraa,104144813,2,
EL1-GW6-01,S1,EuroLeague,Milton,Andover,2-8,Assist,Andover,ahttuso,596543819,1,
EL1-GW6-01,S1,EuroLeague,Milton,Andover,2-8,Assist,Andover,vexzema,508865433,2,
EL1-GW6-01,S1,EuroLeague,Milton,Andover,2-8,Assist,Andover,vnpthu,18925142,1,
EL1-GW6-01,S1,EuroLeague,Milton,Andover,2-8,Assist,Milton,StrictlyHighGrade,104507792,1,
EL1-GW6-01,S1,EuroLeague,Milton,Andover,2-8,Assist,Milton,wizente,521142485,1,
EL1-GW6-01,S1,EuroLeague,Milton,Andover,2-8,Yellow Card,Andover,rykiraa,104144813,1,excessive :M usage
EL1-GW6-01,S1,EuroLeague,Milton,Andover,2-8,MOTM,Andover,ahttuso,596543819,1,
EL1-GW6-02,S1,EuroLeague,Nottingham,Eltham,3-0,Goal,Nottingham,A_etherius,104835988,1,
EL1-GW6-02,S1,EuroLeague,Nottingham,Eltham,3-0,Goal,Nottingham,Oli2Cxrtii,37156558,1,
EL1-GW6-02,S1,EuroLeague,Nottingham,Eltham,3-0,Goal,Nottingham,edvzar,229382886,1,
EL1-GW6-02,S1,EuroLeague,Nottingham,Eltham,3-0,Assist,Nottingham,edvzar,229382886,2,
EL1-GW6-02,S1,EuroLeague,Nottingham,Eltham,3-0,Assist,Nottingham,Oli2Cxrtii,37156558,1,
EL1-GW6-02,S1,EuroLeague,Nottingham,Eltham,3-0,Yellow Card,Nottingham,CapV7,60642460,1,Time wasting
EL1-GW6-02,S1,EuroLeague,Nottingham,Eltham,3-0,Yellow Card,Nottingham,A_etherius,104835988,1,Foul play
EL1-GW6-02,S1,EuroLeague,Nottingham,Eltham,3-0,Yellow Card,Nottingham,Oli2Cxrtii,37156558,1,Sliding referee
EL1-GW6-02,S1,EuroLeague,Nottingham,Eltham,3-0,Yellow Card,Nottingham,8ackyy,1025293008,1,Foul play
EL1-GW6-02,S1,EuroLeague,Nottingham,Eltham,3-0,Yellow Card,Eltham,harmoush,140245581,1,Foul play
EL1-GW6-02,S1,EuroLeague,Nottingham,Eltham,3-0,MOTM,Nottingham,edvzar,229382886,1,
EL1-GW6-03,S1,EuroLeague,Viola,Newham,6-1,Goal,Viola,VoidLDN,1041962471,2,
EL1-GW6-03,S1,EuroLeague,Viola,Newham,6-1,Goal,Viola,mateiryan,1252031180,2,
EL1-GW6-03,S1,EuroLeague,Viola,Newham,6-1,Goal,Viola,wqmh,418257196,2,
EL1-GW6-03,S1,EuroLeague,Viola,Newham,6-1,Goal,Newham,VegSPlayz,3137843516,1,
EL1-GW6-03,S1,EuroLeague,Viola,Newham,6-1,Assist,Viola,wqmh,418257196,2,
EL1-GW6-03,S1,EuroLeague,Viola,Newham,6-1,Assist,Viola,VoidLDN,1041962471,1,
EL1-GW6-03,S1,EuroLeague,Viola,Newham,6-1,Assist,Viola,b4adumata,94854873,1,
EL1-GW6-03,S1,EuroLeague,Viola,Newham,6-1,Assist,Viola,mateiryan,1252031180,1,
EL1-GW6-03,S1,EuroLeague,Viola,Newham,6-1,Assist,Newham,KiahhFOJ,7738657944,1,
EL1-GW6-03,S1,EuroLeague,Viola,Newham,6-1,Yellow Card,Viola,V3d_Dev,429786813,1,
EL1-GW6-03,S1,EuroLeague,Viola,Newham,6-1,Yellow Card,Viola,Iuizdias,1204609210,1,
EL1-GW6-03,S1,EuroLeague,Viola,Newham,6-1,Yellow Card,Newham,VegSPlayz,3137843516,1,
EL1-GW6-03,S1,EuroLeague,Viola,Newham,6-1,Red Card,Newham,bovchenko,2938101088,1,
EL1-GW6-03,S1,EuroLeague,Viola,Newham,6-1,MOTM,Viola,wqmh,418257196,1,
EL1-NTS-01,S1,EuroLeague,Nottingham,Stafford,1-1,Goal,Nottingham,A_etherius,104835988,1,Euro League sheet
EL1-NTS-01,S1,EuroLeague,Nottingham,Stafford,1-1,Goal,Stafford,TheyCallMeCh0sen,,1,⚠️ No Roblox ID · Euro League sheet
EL1-NTS-01,S1,EuroLeague,Nottingham,Stafford,1-1,Assist,Nottingham,8ackyy,1025293008,1,Euro League sheet
EL1-NTS-01,S1,EuroLeague,Nottingham,Stafford,1-1,Assist,Stafford,yousef5767,,1,⚠️ No Roblox ID · Euro League sheet
EL1-NTS-01,S1,EuroLeague,Nottingham,Stafford,1-1,MOTM,Stafford,barbkoumpo,679815091,1,Euro League sheet MOTM
EL1-GW7-01,S1,EuroLeague,Andover,Newham,9-0,Goal,Andover,ahttuso,596543819,3,Hat-trick
EL1-GW7-01,S1,EuroLeague,Andover,Newham,9-0,Goal,Andover,booskioo,25796457,3,Hat-trick
EL1-GW7-01,S1,EuroLeague,Andover,Newham,9-0,Assist,Andover,Gokinho_17,75157575,2,
EL1-GW7-01,S1,EuroLeague,Andover,Newham,9-0,Assist,Andover,ahttuso,596543819,1,
EL1-GW7-01,S1,EuroLeague,Andover,Newham,9-0,Yellow Card,Newham,Deleted User,,1,⚠️ DELETED USER
EL1-GW7-01,S1,EuroLeague,Andover,Newham,9-0,MOTM,Andover,booskioo,25796457,1,
EL1-GW7-02,S1,EuroLeague,Newport,Milton,0-3,FFT,—,—,,0,Forfeit
EL1-GW7-03,S1,EuroLeague,Viola,Eltham,1-3,Goal,Viola,ariu,,1,⚠️ No Roblox ID
EL1-GW7-03,S1,EuroLeague,Viola,Eltham,1-3,Goal,Eltham,harmoush,140245581,2,
EL1-GW7-03,S1,EuroLeague,Viola,Eltham,1-3,Goal,Eltham,kingcharzuki,200570168,1,
EL1-GW7-03,S1,EuroLeague,Viola,Eltham,1-3,Assist,Viola,VoidLDN,1041962471,1,
EL1-GW7-03,S1,EuroLeague,Viola,Eltham,1-3,Assist,Eltham,Teskid10,588273151,1,
EL1-GW7-03,S1,EuroLeague,Viola,Eltham,1-3,Assist,Eltham,harmoush,140245581,1,
EL1-GW7-03,S1,EuroLeague,Viola,Eltham,1-3,Yellow Card,Eltham,harmoush,140245581,1,
EL1-GW7-03,S1,EuroLeague,Viola,Eltham,1-3,MOTM,Viola,Kamilica_Nero,,1,⚠️ No Roblox ID · Euro League sheet
EP1-QF-01,S1,EuroBlox Playoffs,Andover,Viola,7-1,Goal,Andover,ahttuso,596543819,4,3 goals + 1 pen?
EP1-QF-01,S1,EuroBlox Playoffs,Andover,Viola,7-1,Goal,Andover,booskioo,25796457,1,
EP1-QF-01,S1,EuroBlox Playoffs,Andover,Viola,7-1,Goal,Andover,markez1222,171868925,1,
EP1-QF-01,S1,EuroBlox Playoffs,Andover,Viola,7-1,Goal,Viola,dogzi,,1,⚠️ No Roblox ID
EP1-QF-01,S1,EuroBlox Playoffs,Andover,Viola,7-1,Assist,Viola,harshflux,1107538966,1,
EP1-QF-01,S1,EuroBlox Playoffs,Andover,Viola,7-1,Assist,Andover,Gokinho_17,75157575,2,
EP1-QF-01,S1,EuroBlox Playoffs,Andover,Viola,7-1,Red Card,Viola,bally,,1,⚠️ No Roblox ID
EP1-QF-01,S1,EuroBlox Playoffs,Andover,Viola,7-1,Red Card,Viola,al,,1,⚠️ Cannot find user per original
EP1-QF-01,S1,EuroBlox Playoffs,Andover,Viola,7-1,MOTM,Andover,ahttuso,596543819,1,
EP1-QF-03,S1,EuroBlox Playoffs,Milton,Stafford,5-1,Goal,Milton,cornzua,111729984,2,
EP1-QF-03,S1,EuroBlox Playoffs,Milton,Stafford,5-1,Goal,Milton,wizente,521142485,1,
EP1-QF-03,S1,EuroBlox Playoffs,Milton,Stafford,5-1,Goal,Milton,duburnn,99534263,2,
EP1-QF-03,S1,EuroBlox Playoffs,Milton,Stafford,5-1,Goal,Stafford,barbkoumpo,679815091,1,
EP1-QF-03,S1,EuroBlox Playoffs,Milton,Stafford,5-1,Assist,Milton,wizente,521142485,2,
EP1-QF-03,S1,EuroBlox Playoffs,Milton,Stafford,5-1,Assist,Milton,sc_17x,,1,⚠️ No Roblox ID in archive; add if known
EP1-QF-03,S1,EuroBlox Playoffs,Milton,Stafford,5-1,Assist,Stafford,deuIofeuz,16898061,1,
EP1-SF-01,S1,EuroBlox Playoffs,Andover,Milton,0-7,Goal,Milton,wizente,521142485,2,
EP1-SF-01,S1,EuroBlox Playoffs,Andover,Milton,0-7,Goal,Milton,duburnn,99534263,2,
EP1-SF-01,S1,EuroBlox Playoffs,Andover,Milton,0-7,Goal,Milton,cornzua,111729984,3,
EP1-SF-01,S1,EuroBlox Playoffs,Andover,Milton,0-7,Assist,Milton,wizente,521142485,3,
EP1-SF-01,S1,EuroBlox Playoffs,Andover,Milton,0-7,Assist,Milton,cornzua,111729984,2,
EP1-SF-02,S1,EuroBlox Playoffs,Eltham,Nottingham,0-4,Goal,Nottingham,A_etherius,104835988,2,
EP1-SF-02,S1,EuroBlox Playoffs,Eltham,Nottingham,0-4,Goal,Nottingham,edvzar,229382886,1,
EP1-SF-02,S1,EuroBlox Playoffs,Eltham,Nottingham,0-4,Goal,Nottingham,lewanvoltski,88422760,1,
EP1-SF-02,S1,EuroBlox Playoffs,Eltham,Nottingham,0-4,Assist,Nottingham,lewanvoltski,88422760,2,
EP1-F-01,S1,EuroBlox Playoffs,Milton,Nottingham,3-2,Goal,Nottingham,Jasper021108,195149762,1,
EP1-F-01,S1,EuroBlox Playoffs,Milton,Nottingham,3-2,Goal,Nottingham,A_etherius,104835988,1,
EP1-F-01,S1,EuroBlox Playoffs,Milton,Nottingham,3-2,Assist,Nottingham,lewanvoltski,88422760,1,
EP1-F-01,S1,EuroBlox Playoffs,Milton,Nottingham,3-2,Goal,Milton,cornzua,111729984,2,
EP1-F-01,S1,EuroBlox Playoffs,Milton,Nottingham,3-2,Assist,Milton,PhilipNeame,10210691,1,
EP1-F-01,S1,EuroBlox Playoffs,Milton,Nottingham,3-2,Assist,Milton,sc_16x,200344976,1,
EP1-F-01,S1,EuroBlox Playoffs,Milton,Nottingham,3-2,Goal,Milton,sc_16x,200344976,1,
EP1-F-01,S1,EuroBlox Playoffs,Milton,Nottingham,3-2,Assist,Milton,cornzua,111729984,1,
EL2-GW1-01,S2,EuroLeague,Cartiginia,Venezia,3-2,Goal,Cartiginia,cornzua,111729984,2,
EL2-GW1-01,S2,EuroLeague,Cartiginia,Venezia,3-2,Goal,Cartiginia,NakaTsuramasu,2421324614,1,
EL2-GW1-01,S2,EuroLeague,Cartiginia,Venezia,3-2,Goal,Venezia,kroupii,530399970,2,
EL2-GW1-01,S2,EuroLeague,Cartiginia,Venezia,3-2,Assist,Cartiginia,GoldenArrow14,349241001,1,
EL2-GW1-01,S2,EuroLeague,Cartiginia,Venezia,3-2,Assist,Cartiginia,NakaTsuramasu,2421324614,1,
EL2-GW1-01,S2,EuroLeague,Cartiginia,Venezia,3-2,Yellow Card,Cartiginia,MangoFresc0,,1,⚠️ No Roblox ID
EL2-GW1-01,S2,EuroLeague,Cartiginia,Venezia,3-2,MOTM,Cartiginia,IPlayedMyOLDMinecr,4954863691,1,
EL2-GW1-02,S2,EuroLeague,Nottingham,Newham,3-4,Goal,Nottingham,A_etherius,104835988,3,Hat-trick
EL2-GW1-02,S2,EuroLeague,Nottingham,Newham,3-4,Goal,Newham,Gvidiasas,1035230155,3,Hat-trick
EL2-GW1-02,S2,EuroLeague,Nottingham,Newham,3-4,Goal,Newham,rcziua,1713828103,1,
EL2-GW1-02,S2,EuroLeague,Nottingham,Newham,3-4,Assist,Nottingham,ahttuso,596543819,3,
EL2-GW1-02,S2,EuroLeague,Nottingham,Newham,3-4,Assist,Newham,rcziua,1713828103,1,
EL2-GW1-02,S2,EuroLeague,Nottingham,Newham,3-4,Assist,Newham,Gvidiasas,1035230155,1,
EL2-GW1-02,S2,EuroLeague,Nottingham,Newham,3-4,Assist,Newham,vinijrLW,3199110608,1,
EL2-GW1-02,S2,EuroLeague,Nottingham,Newham,3-4,Yellow Card,Newham,EdinDzeko1983,4935434467,1,
EL2-GW1-02,S2,EuroLeague,Nottingham,Newham,3-4,MOTM,Newham,Gvidiasas,1035230155,1,
EL2-GW1-03,S2,EuroLeague,Casole,Viola,4-0,Goal,Casole,bovchenko,2938101088,1,Only goal before FFT
EL2-GW1-03,S2,EuroLeague,Casole,Viola,4-0,Red Card,—,zneataj,,1,⚠️ No Roblox ID - team unclear
EL2-GW1-03,S2,EuroLeague,Casole,Viola,4-0,FFT,—,—,,0,FFT after 1 goal played
EL2-GW1-04,S2,EuroLeague,Andover,Canterbury,3-7,Goal,Andover,wardell,,2,⚠️ No Roblox ID
EL2-GW1-04,S2,EuroLeague,Andover,Canterbury,3-7,Goal,Andover,VoidLDN,1041962471,1,
EL2-GW1-04,S2,EuroLeague,Andover,Canterbury,3-7,Goal,Canterbury,NitroLDragon_BallZ,536359743,4,
EL2-GW1-04,S2,EuroLeague,Andover,Canterbury,3-7,Goal,Canterbury,alkasr6162,1254652212,1,
EL2-GW1-04,S2,EuroLeague,Andover,Canterbury,3-7,Goal,Canterbury,SpeedyPvP_DBZ,536358895,1,
EL2-GW1-04,S2,EuroLeague,Andover,Canterbury,3-7,Goal,Canterbury,Tio,,1,⚠️ No Roblox ID - Unicode: 𝓣𝓲𝓸
EL2-GW1-04,S2,EuroLeague,Andover,Canterbury,3-7,Assist,Andover,VoidLDN,1041962471,2,
EL2-GW1-04,S2,EuroLeague,Andover,Canterbury,3-7,Assist,Canterbury,SpeedyPvP_DBZ,536358895,2,
EL2-GW1-04,S2,EuroLeague,Andover,Canterbury,3-7,Assist,Canterbury,alkasr6162,1254652212,1,
EL2-GW1-04,S2,EuroLeague,Andover,Canterbury,3-7,Assist,Canterbury,StingySliman,147031048,1,
EL2-GW1-04,S2,EuroLeague,Andover,Canterbury,3-7,Assist,Canterbury,Kenzou,,1,⚠️ No Roblox ID
EL2-GW1-04,S2,EuroLeague,Andover,Canterbury,3-7,MOTM,Canterbury,NitroLDragon_BallZ,536359743,1,
BP2-GW1-01,S2,British Premier,Milton,Eltham,2-3,Goal,Milton,domukas7,37123470,2,
BP2-GW1-01,S2,British Premier,Milton,Eltham,2-3,Goal,Eltham,e_eqd,31706646,1,
BP2-GW1-01,S2,British Premier,Milton,Eltham,2-3,Goal,Eltham,fivsakai,2704701079,1,
BP2-GW1-01,S2,British Premier,Milton,Eltham,2-3,Goal,Eltham,keer1k,1739249190,1,
BP2-GW1-01,S2,British Premier,Milton,Eltham,2-3,Assist,Milton,prbIms,6513223,2,
BP2-GW1-01,S2,British Premier,Milton,Eltham,2-3,Assist,Eltham,Absxul,1040090173,2,
BP2-GW1-01,S2,British Premier,Milton,Eltham,2-3,MOTM,Eltham,Absxul,1040090173,1,
BP2-MN-01,S2,British Premier,Milton,Newham,2-3,Goal,Milton,harmoush,140245581,1,
BP2-MN-01,S2,British Premier,Milton,Newham,2-3,Goal,Milton,booskioo,25796457,1,
BP2-MN-01,S2,British Premier,Milton,Newham,2-3,Goal,Newham,ahttuso,596543819,2,
BP2-MN-01,S2,British Premier,Milton,Newham,2-3,Goal,Newham,daavww,12082969,1,
BP2-MN-01,S2,British Premier,Milton,Newham,2-3,Assist,Milton,booskioo,25796457,1,
BP2-MN-01,S2,British Premier,Milton,Newham,2-3,Assist,Newham,mateiryan,1252031180,1,
SI2-GW1-01,S2,Serie Italia,Milano,DDG,6-0,Goal,Milano,GRocHzz,134302790,3,Hat-trick
SI2-GW1-01,S2,Serie Italia,Milano,DDG,6-0,Goal,Milano,wandwandwandwandwand,429831847,1,
SI2-GW1-01,S2,Serie Italia,Milano,DDG,6-0,Goal,Milano,Suiatz,,1,⚠️ No Roblox ID
SI2-GW1-01,S2,Serie Italia,Milano,DDG,6-0,Assist,Milano,Suiatz,,3,⚠️ No Roblox ID
SI2-GW1-01,S2,Serie Italia,Milano,DDG,6-0,Assist,Milano,GRocHzz,134302790,1,
SI2-GW1-01,S2,Serie Italia,Milano,DDG,6-0,Assist,Milano,wandwandwandwandwand,429831847,1,
SI2-GW1-01,S2,Serie Italia,Milano,DDG,6-0,MOTM,Milano,GRocHzz,134302790,1,
EL2-GW1-05,S2,EuroLeague,Newport,Stanford,7-1,Goal,Newport,qiqjqiqi8,4072834348,1,
EL2-GW1-05,S2,EuroLeague,Newport,Stanford,7-1,Goal,Newport,mateiryan,1252031180,4,Hat-trick + 1
EL2-GW1-05,S2,EuroLeague,Newport,Stanford,7-1,Goal,Newport,Goosiest_kid9,3341876487,1,
EL2-GW1-05,S2,EuroLeague,Newport,Stanford,7-1,Goal,Newport,TheMightyLion132,97286714,1,
EL2-GW1-05,S2,EuroLeague,Newport,Stanford,7-1,Goal,Stanford,justJqqudahh,2393498852,1,
EL2-GW1-05,S2,EuroLeague,Newport,Stanford,7-1,Assist,Newport,mateiryan,1252031180,1,
EL2-GW1-05,S2,EuroLeague,Newport,Stanford,7-1,Assist,Newport,Locktarogar_ZugZug,834252048,1,
EL2-GW1-05,S2,EuroLeague,Newport,Stanford,7-1,Assist,Newport,qiqjqiqi8,4072834348,1,
EL2-GW1-05,S2,EuroLeague,Newport,Stanford,7-1,Assist,Newport,Goosiest_kid9,3341876487,1,
EL2-GW1-05,S2,EuroLeague,Newport,Stanford,7-1,Assist,Newport,TheMightyLion132,97286714,1,
EL2-GW1-05,S2,EuroLeague,Newport,Stanford,7-1,MOTM,Newport,mateiryan,1252031180,1,
EL2-GW2-01,S2,EuroLeague,Newham,Andover,4-0,Goal,Newham,Gvidiasas,1035230155,3,Hat-trick
EL2-GW2-01,S2,EuroLeague,Newham,Andover,4-0,Goal,Newham,Bstmiereed,2537182626,1,
EL2-GW2-01,S2,EuroLeague,Newham,Andover,4-0,Assist,Newham,rcziua,1713828103,3,
EL2-GW2-01,S2,EuroLeague,Newham,Andover,4-0,Assist,Newham,lmcage,655047295,1,
EL2-GW2-01,S2,EuroLeague,Newham,Andover,4-0,MOTM,Newham,rcziua,1713828103,1,
EL2-GW2-02,S2,EuroLeague,Nottingham,Canterbury,6-4,Goal,Nottingham,A_etherius,104835988,2,
EL2-GW2-02,S2,EuroLeague,Nottingham,Canterbury,6-4,Goal,Nottingham,ahttuso,596543819,2,
EL2-GW2-02,S2,EuroLeague,Nottingham,Canterbury,6-4,Goal,Nottingham,daavww,12082969,1,
EL2-GW2-02,S2,EuroLeague,Nottingham,Canterbury,6-4,Goal,Nottingham,sIayeerrr,325711420,1,
EL2-GW2-02,S2,EuroLeague,Nottingham,Canterbury,6-4,Goal,Canterbury,NitroLDragon_BallZ,536359743,2,
EL2-GW2-02,S2,EuroLeague,Nottingham,Canterbury,6-4,Goal,Canterbury,Tio,,1,⚠️ No Roblox ID
EL2-GW2-02,S2,EuroLeague,Nottingham,Canterbury,6-4,Goal,Canterbury,alkasr6162,1254652212,1,
EL2-GW2-02,S2,EuroLeague,Nottingham,Canterbury,6-4,Assist,Nottingham,vybala,,2,⚠️ No Roblox ID - not in VF Discord
EL2-GW2-02,S2,EuroLeague,Nottingham,Canterbury,6-4,Assist,Nottingham,ahttuso,596543819,2,
EL2-GW2-02,S2,EuroLeague,Nottingham,Canterbury,6-4,Assist,Nottingham,daavww,12082969,2,
EL2-GW2-02,S2,EuroLeague,Nottingham,Canterbury,6-4,Assist,Canterbury,NitroLDragon_BallZ,536359743,1,
EL2-GW2-02,S2,EuroLeague,Nottingham,Canterbury,6-4,Assist,Canterbury,Kenzou,,1,⚠️ No Roblox ID
EL2-GW2-02,S2,EuroLeague,Nottingham,Canterbury,6-4,Assist,Canterbury,alkasr6162,1254652212,1,
EL2-GW2-02,S2,EuroLeague,Nottingham,Canterbury,6-4,MOTM,Nottingham,daavww,12082969,1,
EL2-GW2-03,S2,EuroLeague,Milton,Stanford,7-4,Goal,Milton,Jasper021108,195149762,3,Hat-trick
EL2-GW2-03,S2,EuroLeague,Milton,Stanford,7-4,Goal,Milton,SamuuFrost,96811022,2,
EL2-GW2-03,S2,EuroLeague,Milton,Stanford,7-4,Goal,Milton,absmaaht,1026995343,1,
EL2-GW2-03,S2,EuroLeague,Milton,Stanford,7-4,Goal,Milton,vexzema,508865433,1,
EL2-GW2-03,S2,EuroLeague,Milton,Stanford,7-4,Goal,Stanford,rxckfrost,180053970,3,Hat-trick
EL2-GW2-03,S2,EuroLeague,Milton,Stanford,7-4,Goal,Stanford,jackdinnXDD2,611608100,1,
EL2-GW2-03,S2,EuroLeague,Milton,Stanford,7-4,Assist,Milton,Koolicxcte,369770640,2,
EL2-GW2-03,S2,EuroLeague,Milton,Stanford,7-4,Assist,Milton,SamuuFrost,96811022,1,
EL2-GW2-03,S2,EuroLeague,Milton,Stanford,7-4,Assist,Milton,bIondage,165728791,1,
EL2-GW2-03,S2,EuroLeague,Milton,Stanford,7-4,Assist,Stanford,rxckfrost,180053970,1,
EL2-GW2-03,S2,EuroLeague,Milton,Stanford,7-4,MOTM,Milton,Jasper021108,195149762,1,
EL2-GW2-04,S2,EuroLeague,Cartiginia,DDG,6-0,Goal,Cartiginia,v_3dz,408529701,3,Hat-trick
EL2-GW2-04,S2,EuroLeague,Cartiginia,DDG,6-0,Goal,Cartiginia,NakaTsuramasu,2421324614,2,
EL2-GW2-04,S2,EuroLeague,Cartiginia,DDG,6-0,Goal,Cartiginia,cornzua,111729984,1,
EL2-GW2-04,S2,EuroLeague,Cartiginia,DDG,6-0,Assist,Cartiginia,MajinCrew,1056227705,1,
EL2-GW2-04,S2,EuroLeague,Cartiginia,DDG,6-0,Assist,Cartiginia,GoldenArrow14,349241001,1,
EL2-GW2-04,S2,EuroLeague,Cartiginia,DDG,6-0,Assist,Cartiginia,NakaTsuramasu,2421324614,1,
EL2-GW2-04,S2,EuroLeague,Cartiginia,DDG,6-0,MOTM,Cartiginia,v_3dz,408529701,1,
EL2-GW2-05,S2,EuroLeague,Newport,Eltham,2-5,Goal,Newport,mateiryan,1252031180,1,
EL2-GW2-05,S2,EuroLeague,Newport,Eltham,2-5,Goal,Newport,booskioo,25796457,1,
EL2-GW2-05,S2,EuroLeague,Newport,Eltham,2-5,Goal,Eltham,fivsakai,2704701079,2,
EL2-GW2-05,S2,EuroLeague,Newport,Eltham,2-5,Goal,Eltham,Absxul,1040090173,2,
EL2-GW2-05,S2,EuroLeague,Newport,Eltham,2-5,Goal,Eltham,e_eqd,31706646,1,
EL2-GW2-05,S2,EuroLeague,Newport,Eltham,2-5,Assist,Eltham,e_eqd,31706646,1,
EL2-GW2-05,S2,EuroLeague,Newport,Eltham,2-5,Assist,Newport,qiqjqiqi8,4072834348,1,
EL2-GW2-05,S2,EuroLeague,Newport,Eltham,2-5,Assist,Eltham,Absxul,1040090173,2,
EL2-GW2-05,S2,EuroLeague,Newport,Eltham,2-5,MOTM,Eltham,Absxul,1040090173,1,
SI2-GW2-01,S2,Serie Italia,Milano,Casole,4-2,Goal,Milano,37q7,,2,⚠️ No Roblox ID
SI2-GW2-01,S2,Serie Italia,Milano,Casole,4-2,Goal,Milano,awful_2,718586034,1,
SI2-GW2-01,S2,Serie Italia,Milano,Casole,4-2,Goal,Milano,WiinaIdo,1656813451,1,
SI2-GW2-01,S2,Serie Italia,Milano,Casole,4-2,Goal,Casole,vizuvitik,4802143228,1,
SI2-GW2-01,S2,Serie Italia,Milano,Casole,4-2,Goal,Casole,pIastictooth,5118250089,1,
SI2-GW2-01,S2,Serie Italia,Milano,Casole,4-2,Assist,Milano,awful_2,718586034,1,
SI2-GW2-01,S2,Serie Italia,Milano,Casole,4-2,Assist,Milano,WiinaIdo,1656813451,1,
SI2-GW2-01,S2,Serie Italia,Milano,Casole,4-2,Assist,Milano,DeletedYoshi,68093899,1,
SI2-GW2-01,S2,Serie Italia,Milano,Casole,4-2,Assist,Casole,123Taras123,149273463,1,
SI2-GW2-01,S2,Serie Italia,Milano,Casole,4-2,Assist,Casole,bovchenko,2938101088,1,
SI2-GW2-01,S2,Serie Italia,Milano,Casole,4-2,MOTM,Milano,shuxc,,1,⚠️ No Roblox ID - likely GK
SI2-GW3-01,S2,Serie Italia,Casole,Cartiginia,6-0,Goal,Casole,bovchenko,2938101088,2,
SI2-GW3-01,S2,Serie Italia,Casole,Cartiginia,6-0,Goal,Casole,vizuvitik,4802143228,3,Hat-trick
SI2-GW3-01,S2,Serie Italia,Casole,Cartiginia,6-0,Goal,Casole,pIastictooth,5118250089,1,
SI2-GW3-01,S2,Serie Italia,Casole,Cartiginia,6-0,Goal,Casole,Li7wak,,1,⚠️ No Roblox ID
SI2-GW3-01,S2,Serie Italia,Casole,Cartiginia,6-0,Assist,Casole,vizuvitik,4802143228,3,
SI2-GW3-01,S2,Serie Italia,Casole,Cartiginia,6-0,Assist,Casole,123Taras123,149273463,1,
SI2-GW3-01,S2,Serie Italia,Casole,Cartiginia,6-0,MOTM,Casole,vizuvitik,4802143228,1,
EL2-GW3-01,S2,EuroLeague,Newham,Stanford,9-3,Goal,Newham,lmcage,655047295,2,
EL2-GW3-01,S2,EuroLeague,Newham,Stanford,9-3,Goal,Newham,rcziua,1713828103,3,Hat-trick
EL2-GW3-01,S2,EuroLeague,Newham,Stanford,9-3,Goal,Newham,Gvidiasas,1035230155,3,Hat-trick
EL2-GW3-01,S2,EuroLeague,Newham,Stanford,9-3,Goal,Newham,Bstmiereed,2537182626,1,
EL2-GW3-01,S2,EuroLeague,Newham,Stanford,9-3,Goal,Stanford,dimios2012,1275535794,2,
EL2-GW3-01,S2,EuroLeague,Newham,Stanford,9-3,OG,Stanford,EdinDzeko1983,4935434467,1,Own Goal
EL2-GW3-01,S2,EuroLeague,Newham,Stanford,9-3,Assist,Newham,Bstmiereed,2537182626,2,
EL2-GW3-01,S2,EuroLeague,Newham,Stanford,9-3,Assist,Newham,Gvidiasas,1035230155,3,
EL2-GW3-01,S2,EuroLeague,Newham,Stanford,9-3,Assist,Newham,rcziua,1713828103,3,
EL2-GW3-01,S2,EuroLeague,Newham,Stanford,9-3,Assist,Newham,lmcage,655047295,1,
EL2-GW3-01,S2,EuroLeague,Newham,Stanford,9-3,Assist,Stanford,Marko_ExtremeKing,1417781724,1,
EL2-GW3-01,S2,EuroLeague,Newham,Stanford,9-3,Yellow Card,Newham,Gvidiasas,1035230155,1,
EL2-GW3-01,S2,EuroLeague,Newham,Stanford,9-3,MOTM,Newham,rcziua,1713828103,1,
EL2-GW3-02,S2,EuroLeague,Newport,Canterbury,6-0,Goal,Newport,WozyPrime,1883644862,2,
EL2-GW3-02,S2,EuroLeague,Newport,Canterbury,6-0,Goal,Newport,mateiryan,1252031180,2,
EL2-GW3-02,S2,EuroLeague,Newport,Canterbury,6-0,Goal,Newport,Goosiest_kid9,3341876487,1,
EL2-GW3-02,S2,EuroLeague,Newport,Canterbury,6-0,Goal,Newport,noobzivic,275622646,1,
EL2-GW3-02,S2,EuroLeague,Newport,Canterbury,6-0,Assist,Newport,noobzivic,275622646,2,
EL2-GW3-02,S2,EuroLeague,Newport,Canterbury,6-0,Assist,Newport,mateiryan,1252031180,1,
EL2-GW3-02,S2,EuroLeague,Newport,Canterbury,6-0,Assist,Newport,WozyPrime,1883644862,1,
EL2-GW3-02,S2,EuroLeague,Newport,Canterbury,6-0,Assist,Newport,kvaradona_34,8801995315,1,
EL2-GW3-02,S2,EuroLeague,Newport,Canterbury,6-0,MOTM,Newport,noobzivic,275622646,1,
EL2-GW3-03,S2,EuroLeague,Andover,Eltham,0-6,Goal,Eltham,keer1k,1739249190,3,Hat-trick
EL2-GW3-03,S2,EuroLeague,Andover,Eltham,0-6,Goal,Eltham,e_eqd,31706646,2,
EL2-GW3-03,S2,EuroLeague,Andover,Eltham,0-6,Goal,Eltham,fivsakai,2704701079,1,
EL2-GW3-03,S2,EuroLeague,Andover,Eltham,0-6,Assist,Eltham,fivsakai,2704701079,3,
EL2-GW3-03,S2,EuroLeague,Andover,Eltham,0-6,Assist,Eltham,Teskid10,588273151,1,
EL2-GW3-03,S2,EuroLeague,Andover,Eltham,0-6,Yellow Card,Eltham,Teskid10,588273151,1,
EL2-GW3-03,S2,EuroLeague,Andover,Eltham,0-6,MOTM,Eltham,fivsakai,2704701079,1,
EL2-GW3-04,S2,EuroLeague,Milton,Nottingham,4-3,Goal,Milton,booskioo,25796457,2,
EL2-GW3-04,S2,EuroLeague,Milton,Nottingham,4-3,Goal,Milton,PERPGAI,238010225,1,
EL2-GW3-04,S2,EuroLeague,Milton,Nottingham,4-3,Goal,Milton,vexzema,508865433,1,
EL2-GW3-04,S2,EuroLeague,Milton,Nottingham,4-3,Goal,Nottingham,sIayeerrr,325711420,2,
EL2-GW3-04,S2,EuroLeague,Milton,Nottingham,4-3,Goal,Nottingham,A_etherius,104835988,1,
EL2-GW3-04,S2,EuroLeague,Milton,Nottingham,4-3,Assist,Milton,vexzema,508865433,1,
EL2-GW3-04,S2,EuroLeague,Milton,Nottingham,4-3,Assist,Milton,Jasper021108,195149762,1,
EL2-GW3-04,S2,EuroLeague,Milton,Nottingham,4-3,Assist,Milton,PERPGAI,238010225,1,
EL2-GW3-04,S2,EuroLeague,Milton,Nottingham,4-3,Assist,Nottingham,A_etherius,104835988,1,
EL2-GW3-04,S2,EuroLeague,Milton,Nottingham,4-3,Assist,Nottingham,edvzar,229382886,1,
EL2-GW3-04,S2,EuroLeague,Milton,Nottingham,4-3,Assist,Nottingham,sIayeerrr,325711420,1,
EL2-GW3-04,S2,EuroLeague,Milton,Nottingham,4-3,Yellow Card,Milton,Koolicxcte,369770640,1,
EL2-GW3-04,S2,EuroLeague,Milton,Nottingham,4-3,MOTM,Milton,booskioo,25796457,1,
SI2-GW3-02,S2,Serie Italia,Milano,Venezia,4-5,Goal,Milano,GRocHzz,134302790,1,
SI2-GW3-02,S2,Serie Italia,Milano,Venezia,4-5,Goal,Milano,awful_2,718586034,2,
SI2-GW3-02,S2,Serie Italia,Milano,Venezia,4-5,Goal,Venezia,sadaireiki,,1,⚠️ No Roblox ID
SI2-GW3-02,S2,Serie Italia,Milano,Venezia,4-5,Goal,Venezia,kroupii,530399970,3,Hat-trick
SI2-GW3-02,S2,Serie Italia,Milano,Venezia,4-5,Goal,Venezia,specticaaI,3510065312,1,
SI2-GW3-02,S2,Serie Italia,Milano,Venezia,4-5,Assist,Milano,WiinaIdo,1656813451,1,
SI2-GW3-02,S2,Serie Italia,Milano,Venezia,4-5,Assist,Milano,GRocHzz,134302790,1,
SI2-GW3-02,S2,Serie Italia,Milano,Venezia,4-5,Assist,Milano,alexutu12cr,629378883,1,
SI2-GW3-02,S2,Serie Italia,Milano,Venezia,4-5,Assist,Venezia,specticaaI,3510065312,1,
SI2-GW3-02,S2,Serie Italia,Milano,Venezia,4-5,Assist,Venezia,kroupii,530399970,1,
SI2-GW3-02,S2,Serie Italia,Milano,Venezia,4-5,Assist,Venezia,sadaireki,,1,⚠️ No Roblox ID - spelled differently
SI2-GW3-02,S2,Serie Italia,Milano,Venezia,4-5,MOTM,Venezia,kroupii,530399970,1,
BP2-GW4-01,S2,British Premier,Nottingham,Andover,0-6,Goal,Andover,KenmaKozume0332,2046205396,2,
BP2-GW4-01,S2,British Premier,Nottingham,Andover,0-6,Goal,Andover,VoidLDN,1041962471,2,
BP2-GW4-01,S2,British Premier,Nottingham,Andover,0-6,Goal,Andover,rykiraa,104144813,1,
BP2-GW4-01,S2,British Premier,Nottingham,Andover,0-6,Assist,Andover,rykiraa,104144813,1,
BP2-GW4-01,S2,British Premier,Nottingham,Andover,0-6,Assist,Andover,KenmaKozume0332,2046205396,1,
BP2-GW4-01,S2,British Premier,Nottingham,Andover,0-6,MOTM,Andover,KenmaKozume0332,2046205396,1,
SI2-GW4-01,S2,Serie Italia,Casole,Venezia,5-1,Goal,Casole,sIayeerrr,325711420,1,
SI2-GW4-01,S2,Serie Italia,Casole,Venezia,5-1,Goal,Casole,bovchenko,2938101088,2,
SI2-GW4-01,S2,Serie Italia,Casole,Venezia,5-1,Goal,Casole,123Taras123,149273463,1,
SI2-GW4-01,S2,Serie Italia,Casole,Venezia,5-1,Goal,Casole,pIastictooth,5118250089,1,
SI2-GW4-01,S2,Serie Italia,Casole,Venezia,5-1,Goal,Venezia,specticaaI,3510065312,1,
SI2-GW4-01,S2,Serie Italia,Casole,Venezia,5-1,Assist,Casole,sIayeerrr,325711420,2,
SI2-GW4-01,S2,Serie Italia,Casole,Venezia,5-1,Assist,Casole,nuke,,1,⚠️ No Roblox ID
SI2-GW4-01,S2,Serie Italia,Casole,Venezia,5-1,Assist,Casole,bovchenko,2938101088,1,
SI2-GW4-01,S2,Serie Italia,Casole,Venezia,5-1,MOTM,Casole,bovchenko,2938101088,1,
SI2-GW4-02,S2,Serie Italia,Tretorre,Cartiginia,2-5,Goal,Tretorre,kvaradona_34,8801995315,2,
SI2-GW4-02,S2,Serie Italia,Tretorre,Cartiginia,2-5,Goal,Cartiginia,DavidLukjanchuk,261855141,1,
SI2-GW4-02,S2,Serie Italia,Tretorre,Cartiginia,2-5,Goal,Cartiginia,Li7wak,,2,⚠️ No Roblox ID
SI2-GW4-02,S2,Serie Italia,Tretorre,Cartiginia,2-5,Goal,Cartiginia,Deleted User,,1,⚠️ DELETED USER
SI2-GW4-02,S2,Serie Italia,Tretorre,Cartiginia,2-5,Goal,Cartiginia,peng,40971,1,
SI2-GW4-02,S2,Serie Italia,Tretorre,Cartiginia,2-5,Assist,Cartiginia,EdinDzeko1983,4935434467,1,
SI2-GW4-02,S2,Serie Italia,Tretorre,Cartiginia,2-5,Assist,Cartiginia,DavidLukjanchuk,261855141,2,
SI2-GW4-02,S2,Serie Italia,Tretorre,Cartiginia,2-5,Assist,Cartiginia,peng,40971,1,
SI2-GW4-02,S2,Serie Italia,Tretorre,Cartiginia,2-5,Assist,Cartiginia,Marko_ExtremeKing,1417781724,1,
SI2-GW4-02,S2,Serie Italia,Tretorre,Cartiginia,2-5,MOTM,Cartiginia,Li7wak,,1,⚠️ No Roblox ID
SI2-GW5-01,S2,Serie Italia,Tretorre,Casole,2-6,Goal,Tretorre,kvaradona_34,8801995315,1,
SI2-GW5-01,S2,Serie Italia,Tretorre,Casole,2-6,Goal,Casole,vizuvitik,4802143228,3,Hat-trick
SI2-GW5-01,S2,Serie Italia,Tretorre,Casole,2-6,Goal,Casole,pIastictooth,5118250089,2,
SI2-GW5-01,S2,Serie Italia,Tretorre,Casole,2-6,Goal,Casole,ty,,1,⚠️ No Roblox ID
SI2-GW5-01,S2,Serie Italia,Tretorre,Casole,2-6,Assist,Tretorre,kvaradona_34,8801995315,1,
SI2-GW5-01,S2,Serie Italia,Tretorre,Casole,2-6,Assist,Casole,bovchenko,2938101088,3,
SI2-GW5-01,S2,Serie Italia,Tretorre,Casole,2-6,Assist,Casole,vizuvitik,4802143228,1,
SI2-GW5-01,S2,Serie Italia,Tretorre,Casole,2-6,Yellow Card,Casole,kvaradona_34,8801995315,1,
SI2-GW5-01,S2,Serie Italia,Tretorre,Casole,2-6,MOTM,Casole,vizuvitik,4802143228,1,
SI2-GW1-02,S2,Serie Italia,Tretorre,Sassari,0-3,FFT,—,—,,0,Forfeit
SI2-GW1-03,S2,Serie Italia,Sassari,Venezia,0-3,FFT,—,—,,0,Forfeit
SI2-GW2-02,S2,Serie Italia,Viola,Tretorre,0-0,FFT,—,—,,0,Forfeit - 0-0
SI2-GW2-03,S2,Serie Italia,Sassari,Viola,3-0,FFT,—,—,,0,Forfeit
SI2-GW4-03,S2,Serie Italia,Sassari,Milano,3-0,FFT,—,—,,0,Forfeit
BP2-GW4-02,S2,British Premier,Newport,Newham,0-0,No Stats,—,—,,0,No detailed stats provided
BP2-GW5-01,S2,British Premier,Canterbury,Newham,0-3,FFT,—,—,,0,Forfeit
BP2-MC-01,S2,British Premier,Milton,Canterbury,5-5,Goal,Milton,Jasper021108,195149762,2,
BP2-MC-01,S2,British Premier,Milton,Canterbury,5-5,Goal,Milton,booskioo,25796457,1,
BP2-MC-01,S2,British Premier,Milton,Canterbury,5-5,Goal,Milton,harmoush,140245581,1,
BP2-MC-01,S2,British Premier,Milton,Canterbury,5-5,Goal,Milton,vexzema,508865433,1,
BP2-MC-01,S2,British Premier,Milton,Canterbury,5-5,Goal,Canterbury,NitroLDragon_BallZ,536359743,2,
BP2-MC-01,S2,British Premier,Milton,Canterbury,5-5,Goal,Canterbury,alkasr6162,1254652212,2,
BP2-MC-01,S2,British Premier,Milton,Canterbury,5-5,Goal,Canterbury,SpeedyPvP_DBZ,536358895,1,
BP2-MC-01,S2,British Premier,Milton,Canterbury,5-5,Assist,Milton,Koolicxcte,369770640,2,
BP2-MC-01,S2,British Premier,Milton,Canterbury,5-5,Assist,Milton,SamuuFrost,96811022,1,
BP2-MC-01,S2,British Premier,Milton,Canterbury,5-5,Assist,Milton,booskioo,25796457,1,
BP2-MC-01,S2,British Premier,Milton,Canterbury,5-5,Assist,Milton,Jasper021108,195149762,1,
BP2-MC-01,S2,British Premier,Milton,Canterbury,5-5,Assist,Canterbury,alkasr6162,1254652212,1,
BP2-MC-01,S2,British Premier,Milton,Canterbury,5-5,Assist,Canterbury,SpeedyPvP_DBZ,536358895,1,
BP2-MC-01,S2,British Premier,Milton,Canterbury,5-5,Assist,Canterbury,NitroLDragon_BallZ,536359743,1,
BP2-MC-01,S2,British Premier,Milton,Canterbury,5-5,Assist,Canterbury,StingySliman,147031048,1,
BP2-MC-01,S2,British Premier,Milton,Canterbury,5-5,Assist,Canterbury,alkasr6162,1254652212,1,
BP2-MC-01,S2,British Premier,Milton,Canterbury,5-5,MOTM,Milton,Jasper021108,195149762,1,Estimated from other S2 fixtures
BP2-MNP-01,S2,British Premier,Milton,Newport,5-2,Goal,Milton,Jasper021108,195149762,2,
BP2-MNP-01,S2,British Premier,Milton,Newport,5-2,Goal,Milton,booskioo,25796457,1,
BP2-MNP-01,S2,British Premier,Milton,Newport,5-2,Goal,Milton,vexzema,508865433,1,
BP2-MNP-01,S2,British Premier,Milton,Newport,5-2,Goal,Milton,absmaaht,1026995343,1,
BP2-MNP-01,S2,British Premier,Milton,Newport,5-2,Goal,Newport,mateiryan,1252031180,1,
BP2-MNP-01,S2,British Premier,Milton,Newport,5-2,Goal,Newport,WozyPrime,1883644862,1,
BP2-MNP-01,S2,British Premier,Milton,Newport,5-2,Assist,Milton,Koolicxcte,369770640,2,
BP2-MNP-01,S2,British Premier,Milton,Newport,5-2,Assist,Milton,SamuuFrost,96811022,1,
BP2-MNP-01,S2,British Premier,Milton,Newport,5-2,Assist,Milton,booskioo,25796457,1,
BP2-MNP-01,S2,British Premier,Milton,Newport,5-2,Assist,Milton,Jasper021108,195149762,1,
BP2-MNP-01,S2,British Premier,Milton,Newport,5-2,Assist,Newport,Goosiest_kid9,3341876487,1,
BP2-MNP-01,S2,British Premier,Milton,Newport,5-2,Assist,Newport,mateiryan,1252031180,1,
BP2-MNP-01,S2,British Premier,Milton,Newport,5-2,MOTM,Milton,Jasper021108,195149762,1,Estimated from other S2 fixtures
BP2-CS-01,S2,British Premier,Canterbury,Stanford,5-0,Goal,Canterbury,NitroLDragon_BallZ,536359743,2,
BP2-CS-01,S2,British Premier,Canterbury,Stanford,5-0,Goal,Canterbury,alkasr6162,1254652212,2,
BP2-CS-01,S2,British Premier,Canterbury,Stanford,5-0,Goal,Canterbury,SpeedyPvP_DBZ,536358895,1,
BP2-CS-01,S2,British Premier,Canterbury,Stanford,5-0,Assist,Canterbury,alkasr6162,1254652212,1,
BP2-CS-01,S2,British Premier,Canterbury,Stanford,5-0,Assist,Canterbury,StingySliman,147031048,1,
BP2-CS-01,S2,British Premier,Canterbury,Stanford,5-0,Assist,Canterbury,NitroLDragon_BallZ,536359743,2,
BP2-CS-01,S2,British Premier,Canterbury,Stanford,5-0,Assist,Canterbury,SpeedyPvP_DBZ,536358895,1,
BP2-CS-01,S2,British Premier,Canterbury,Stanford,5-0,MOTM,Canterbury,NitroLDragon_BallZ,536359743,1,Estimated from other S2 fixtures
GW5-NPA,S2,Unknown,Newport,Andover,3-0,FFT,—,—,,0,Competition not specified - FFT